,default
0,0
1,0
2,1
3,1
4,0
5,0
6,0
7,0
8,0
9,0
10,0
11,0
12,0
13,0
14,0
15,0
16,0
17,0
18,0
19,0
20,1
21,0
22,0
23,0
24,0
25,0
26,0
27,0
28,0
29,0
30,0
31,0
32,0
33,0
34,1
35,0
36,1
37,0
38,0
39,0
40,0
41,0
42,0
43,1
44,1
45,0
46,1
47,0
48,1
49,0
50,1
51,0
52,0
53,0
54,1
55,0
56,1
57,1
58,0
59,0
60,1
61,0
62,0
63,0
64,0
65,0
66,0
67,1
68,1
69,0
70,0
71,1
72,1
73,0
74,0
75,1
76,1
77,0
78,0
79,0
80,0
81,0
82,1
83,0
84,0
85,1
86,1
87,0
88,0
89,0
90,0
91,1
92,0
93,0
94,0
95,0
96,0
97,0
98,0
99,0
100,1
101,1
102,0
103,0
104,1
105,0
106,0
107,0
108,1
109,0
110,0
111,0
112,0
113,0
114,0
115,0
116,1
117,0
118,0
119,1
120,0
121,0
122,0
123,0
124,0
125,0
126,0
127,1
128,0
129,0
130,1
131,0
132,1
133,0
134,0
135,0
136,0
137,0
138,0
139,0
140,1
141,1
142,1
143,0
144,0
145,1
146,0
147,1
148,0
149,0
150,1
151,0
152,0
153,0
154,0
155,1
156,0
157,1
158,0
159,0
160,0
161,0
162,1
163,0
164,0
165,0
166,0
167,0
168,0
169,0
170,0
171,1
172,0
173,0
174,0
175,0
176,0
177,1
178,0
179,0
180,1
181,0
182,0
183,0
184,1
185,0
186,1
187,0
188,1
189,0
190,0
191,0
192,0
193,0
194,0
195,0
196,1
197,0
198,1
199,0
200,1
201,0
202,0
203,1
204,1
205,0
206,0
207,0
208,1
209,1
210,0
211,0
212,0
213,0
214,0
215,0
216,0
217,0
218,0
219,0
220,0
221,1
222,0
223,0
224,1
225,1
226,1
227,0
228,0
229,0
230,1
231,0
232,1
233,0
234,1
235,0
236,1
237,0
238,0
239,1
240,0
241,0
242,0
243,1
244,0
245,0
246,1
247,1
248,1
249,1
250,0
251,0
252,0
253,0
254,0
255,0
256,0
257,0
258,1
259,0
260,0
261,0
262,1
263,0
264,0
265,1
266,1
267,0
268,0
269,0
270,0
271,0
272,0
273,0
274,1
275,0
276,0
277,0
278,1
279,0
280,1
281,1
282,0
283,0
284,0
285,1
286,0
287,0
288,0
289,1
290,0
291,1
292,1
293,0
294,1
295,1
296,1
297,1
298,0
299,1
300,1
301,1
302,0
303,0
304,0
305,0
306,1
307,1
308,1
309,1
310,0
311,0
312,0
313,0
314,0
315,0
316,1
317,0
318,0
319,0
320,0
321,0
322,0
323,0
324,0
325,0
326,0
327,0
328,1
329,1
330,0
331,0
332,1
333,0
334,0
335,0
336,0
337,0
338,0
339,0
340,0
341,0
342,1
343,1
344,0
345,0
346,0
347,0
348,0
349,0
350,1
351,1
352,1
353,0
354,0
355,0
356,0
357,0
358,1
359,0
360,1
361,0
362,1
363,0
364,0
365,1
366,0
367,0
368,0
369,0
370,0
371,0
372,1
373,1
374,0
375,0
376,0
377,0
378,0
379,0
380,0
381,1
382,0
383,0
384,0
385,1
386,0
387,0
388,1
389,1
390,0
391,0
392,0
393,0
394,0
395,1
396,0
397,0
398,0
399,0
400,1
401,1
402,0
403,1
404,0
405,0
406,0
407,0
408,0
409,0
410,0
411,0
412,1
413,1
414,0
415,0
416,1
417,0
418,0
419,0
420,0
421,0
422,1
423,0
424,0
425,0
426,0
427,1
428,1
429,0
430,0
431,0
432,0
433,0
434,1
435,0
436,0
437,0
438,0
439,0
440,1
441,1
442,1
443,0
444,0
445,0
446,1
447,0
448,0
449,0
450,1
451,1
452,0
453,0
454,0
455,1
456,1
457,0
458,0
459,0
460,0
461,0
462,1
463,0
464,0
465,1
466,0
467,0
468,0
469,0
470,1
471,1
472,0
473,0
474,0
475,1
476,0
477,0
478,1
479,0
480,0
481,0
482,0
483,0
484,0
485,1
486,0
487,1
488,0
489,0
490,0
491,1
492,0
493,0
494,0
495,1
496,1
497,1
498,0
499,0
500,0
501,0
502,0
503,0
504,0
505,1
506,0
507,0
508,0
509,0
510,0
511,0
512,0
513,1
514,0
515,0
516,1
517,0
518,0
519,0
520,0
521,0
522,1
523,0
524,0
525,0
526,0
527,0
528,0
529,1
530,1
531,0
532,0
533,1
534,0
535,0
536,0
537,0
538,0
539,0
540,1
541,0
542,0
543,0
544,0
545,0
546,0
547,1
548,0
549,0
550,0
551,0
552,0
553,0
554,1
555,0
556,1
557,0
558,0
559,1
560,0
561,0
562,0
563,0
564,1
565,0
566,1
567,1
568,0
569,0
570,0
571,0
572,0
573,0
574,0
575,0
576,1
577,1
578,1
579,0
580,0
581,1
582,0
583,0
584,0
585,0
586,1
587,0
588,0
589,0
590,1
591,0
592,0
593,0
594,0
595,1
596,0
597,0
598,1
599,0
600,0
601,0
602,0
603,0
604,1
605,0
606,1
607,0
608,1
609,0
610,0
611,1
612,1
613,0
614,1
615,0
616,0
617,0
618,0
619,0
620,0
621,0
622,0
623,0
624,0
625,0
626,0
627,0
628,0
629,1
630,0
631,1
632,0
633,1
634,0
635,0
636,0
637,0
638,0
639,0
640,0
641,0
642,0
643,0
644,0
645,0
646,0
647,0
648,0
649,0
650,0
651,0
652,0
653,1
654,1
655,1
656,0
657,1
658,0
659,1
660,0
661,0
662,1
663,1
664,0
665,1
666,0
667,0
668,0
669,0
670,0
671,0
672,0
673,0
674,0
675,0
676,1
677,1
678,0
679,0
680,0
681,1
682,0
683,0
684,1
685,1
686,0
687,0
688,0
689,0
690,0
691,0
692,1
693,1
694,1
695,1
696,1
697,0
698,0
699,0
700,0
701,0
702,0
703,1
704,0
705,0
706,1
707,1
708,0
709,1
710,0
711,0
712,0
713,0
714,0
715,0
716,0
717,0
718,0
719,0
720,0
721,0
722,1
723,0
724,0
725,0
726,0
727,0
728,1
729,0
730,0
731,0
732,0
733,0
734,1
735,0
736,0
737,0
738,0
739,0
740,1
741,0
742,0
743,0
744,0
745,0
746,0
747,0
748,0
749,0
750,0
751,0
752,0
753,0
754,0
755,1
756,0
757,0
758,0
759,1
760,1
761,0
762,0
763,1
764,1
765,0
766,1
767,0
768,0
769,0
770,0
771,0
772,0
773,0
774,0
775,0
776,0
777,0
778,0
779,1
780,0
781,0
782,1
783,0
784,0
785,0
786,0
787,0
788,1
789,0
790,0
791,1
792,0
793,1
794,1
795,0
796,0
797,0
798,0
799,0
800,0
801,0
802,0
803,0
804,0
805,0
806,0
807,1
808,0
809,0
810,0
811,0
812,1
813,0
814,1
815,0
816,0
817,1
818,1
819,1
820,0
821,0
822,0
823,1
824,0
825,0
826,0
827,0
828,0
829,0
830,0
831,0
832,1
833,0
834,1
835,1
836,0
837,1
838,0
839,1
840,0
841,0
842,0
843,0
844,0
845,0
846,1
847,0
848,0
849,0
850,1
851,0
852,0
853,1
854,0
855,0
856,0
857,0
858,0
859,0
860,0
861,0
862,1
863,0
864,0
865,1
866,0
867,0
868,0
869,1
870,1
871,0
872,0
873,1
874,0
875,0
876,0
877,0
878,0
879,1
880,0
881,0
882,0
883,0
884,0
885,0
886,0
887,0
888,1
889,0
890,1
891,1
892,0
893,0
894,0
895,0
896,1
897,0
898,0
899,0
900,1
901,0
902,0
903,1
904,0
905,0
906,1
907,0
908,0
909,0
910,1
911,0
912,0
913,0
914,0
915,0
916,0
917,1
918,0
919,0
920,1
921,0
922,0
923,0
924,0
925,0
926,0
927,0
928,0
929,0
930,0
931,0
932,1
933,0
934,0
935,0
936,0
937,0
938,0
939,0
940,0
941,0
942,0
943,1
944,0
945,0
946,0
947,1
948,0
949,1
950,0
951,0
952,0
953,0
954,0
955,0
956,0
957,0
958,0
959,0
960,0
961,0
962,0
963,0
964,1
965,1
966,1
967,1
968,0
969,0
970,0
971,0
972,1
973,0
974,1
975,1
976,0
977,0
978,0
979,0
980,0
981,0
982,1
983,1
984,0
985,0
986,0
987,1
988,0
989,0
990,1
991,0
992,0
993,0
994,0
995,0
996,0
997,1
998,0
999,0
1000,1
1001,0
1002,0
1003,0
1004,0
1005,1
1006,0
1007,0
1008,0
1009,0
1010,1
1011,0
1012,0
1013,1
1014,0
1015,0
1016,0
1017,0
1018,0
1019,1
1020,0
1021,0
1022,1
1023,0
1024,1
1025,0
1026,0
1027,0
1028,0
1029,0
1030,0
1031,0
1032,0
1033,0
1034,0
1035,0
1036,0
1037,1
1038,0
1039,0
1040,0
1041,0
1042,0
1043,0
1044,0
1045,0
1046,0
1047,0
1048,1
1049,1
1050,0
1051,1
1052,0
1053,0
1054,0
1055,0
1056,0
1057,0
1058,1
1059,1
1060,0
1061,1
1062,0
1063,0
1064,0
1065,0
1066,0
1067,1
1068,1
1069,1
1070,0
1071,0
1072,0
1073,0
1074,1
1075,0
1076,0
1077,1
1078,0
1079,0
1080,0
1081,0
1082,0
1083,1
1084,0
1085,0
1086,1
1087,0
1088,0
1089,0
1090,0
1091,0
1092,0
1093,0
1094,1
1095,0
1096,1
1097,0
1098,0
1099,0
1100,0
1101,0
1102,0
1103,0
1104,0
1105,0
1106,0
1107,0
1108,0
1109,1
1110,0
1111,0
1112,0
1113,0
1114,0
1115,0
1116,0
1117,0
1118,0
1119,0
1120,1
1121,1
1122,0
1123,0
1124,0
1125,0
1126,0
1127,0
1128,0
1129,0
1130,0
1131,0
1132,1
1133,1
1134,0
1135,0
1136,1
1137,0
1138,0
1139,0
1140,0
1141,0
1142,1
1143,1
1144,0
1145,0
1146,0
1147,0
1148,0
1149,0
1150,0
1151,1
1152,0
1153,0
1154,1
1155,0
1156,0
1157,0
1158,0
1159,0
1160,1
1161,0
1162,0
1163,0
1164,0
1165,1
1166,0
1167,0
1168,1
1169,0
1170,0
1171,0
1172,0
1173,1
1174,0
1175,0
1176,0
1177,0
1178,0
1179,0
1180,0
1181,0
1182,1
1183,0
1184,0
1185,1
1186,0
1187,0
1188,0
1189,1
1190,0
1191,1
1192,0
1193,0
1194,0
1195,1
1196,0
1197,0
1198,0
1199,0
1200,1
1201,0
1202,0
1203,0
1204,1
1205,0
1206,1
1207,0
1208,1
1209,0
1210,1
1211,0
1212,0
1213,0
1214,1
1215,1
1216,0
1217,1
1218,0
1219,0
1220,1
1221,1
1222,0
1223,0
1224,0
1225,0
1226,0
1227,0
1228,1
1229,0
1230,0
1231,1
1232,1
1233,0
1234,1
1235,0
1236,0
1237,0
1238,0
1239,0
1240,0
1241,1
1242,0
1243,0
1244,0
1245,0
1246,0
1247,0
1248,0
1249,0
1250,1
1251,0
1252,0
1253,1
1254,1
1255,0
1256,1
1257,0
1258,1
1259,0
1260,1
1261,0
1262,0
1263,0
1264,0
1265,0
1266,0
1267,1
1268,0
1269,0
1270,0
1271,0
1272,0
1273,0
1274,1
1275,0
1276,0
1277,0
1278,0
1279,0
1280,0
1281,0
1282,0
1283,0
1284,0
1285,0
1286,0
1287,0
1288,0
1289,0
1290,1
1291,0
1292,0
1293,0
1294,0
1295,0
1296,0
1297,0
1298,0
1299,0
1300,1
1301,0
1302,0
1303,0
1304,0
1305,0
1306,0
1307,0
1308,1
1309,0
1310,1
1311,0
1312,0
1313,0
1314,0
1315,1
1316,1
1317,1
1318,1
1319,1
1320,0
1321,0
1322,0
1323,0
1324,0
1325,0
1326,0
1327,1
1328,0
1329,1
1330,0
1331,0
1332,1
1333,1
1334,0
1335,0
1336,1
1337,0
1338,0
1339,0
1340,0
1341,1
1342,0
1343,1
1344,0
1345,1
1346,0
1347,0
1348,0
1349,0
1350,0
1351,0
1352,0
1353,0
1354,0
1355,0
1356,0
1357,0
1358,1
1359,0
1360,1
1361,1
1362,0
1363,0
1364,0
1365,0
1366,1
1367,0
1368,0
1369,1
1370,0
1371,1
1372,0
1373,1
1374,0
1375,0
1376,0
1377,0
1378,0
1379,0
1380,1
1381,0
1382,0
1383,1
1384,1
1385,0
1386,1
1387,0
1388,0
1389,0
1390,0
1391,0
1392,0
1393,0
1394,0
1395,0
1396,0
1397,0
1398,0
1399,1
1400,0
1401,0
1402,0
1403,0
1404,1
1405,0
1406,1
1407,0
1408,1
1409,0
1410,0
1411,0
1412,1
1413,1
1414,0
1415,1
1416,0
1417,0
1418,0
1419,0
1420,0
1421,0
1422,0
1423,0
1424,1
1425,0
1426,0
1427,1
1428,0
1429,0
1430,0
1431,0
1432,0
1433,0
1434,1
1435,1
1436,1
1437,1
1438,1
1439,0
1440,0
1441,0
1442,0
1443,0
1444,0
1445,0
1446,1
1447,0
1448,1
1449,1
1450,1
1451,0
1452,0
1453,0
1454,0
1455,0
1456,1
1457,1
1458,0
1459,0
1460,0
1461,0
1462,1
1463,0
1464,1
1465,0
1466,0
1467,1
1468,1
1469,1
1470,0
1471,1
1472,0
1473,0
1474,0
1475,0
1476,0
1477,0
1478,1
1479,0
1480,1
1481,0
1482,0
1483,1
1484,0
1485,0
1486,0
1487,0
1488,1
1489,0
1490,1
1491,0
1492,1
1493,1
1494,0
1495,0
1496,0
1497,0
1498,0
1499,0
1500,0
1501,0
1502,1
1503,0
1504,0
1505,1
1506,1
1507,0
1508,0
1509,0
1510,1
1511,0
1512,0
1513,0
1514,0
1515,0
1516,1
1517,0
1518,0
1519,1
1520,1
1521,0
1522,0
1523,0
1524,1
1525,0
1526,0
1527,1
1528,0
1529,1
1530,1
1531,0
1532,0
1533,0
1534,1
1535,1
1536,0
1537,0
1538,0
1539,0
1540,0
1541,1
1542,0
1543,0
1544,1
1545,0
1546,1
1547,1
1548,0
1549,0
1550,0
1551,0
1552,0
1553,0
1554,0
1555,0
1556,0
1557,0
1558,0
1559,0
1560,0
1561,0
1562,0
1563,0
1564,0
1565,0
1566,1
1567,0
1568,0
1569,0
1570,0
1571,0
1572,1
1573,0
1574,0
1575,0
1576,0
1577,0
1578,1
1579,1
1580,0
1581,0
1582,1
1583,0
1584,0
1585,0
1586,0
1587,1
1588,0
1589,0
1590,0
1591,0
1592,0
1593,0
1594,1
1595,0
1596,0
1597,0
1598,0
1599,0
1600,0
1601,1
1602,1
1603,1
1604,0
1605,1
1606,0
1607,1
1608,1
1609,0
1610,0
1611,0
1612,0
1613,0
1614,0
1615,0
1616,0
1617,1
1618,0
1619,0
1620,0
1621,1
1622,0
1623,0
1624,1
1625,0
1626,0
1627,0
1628,1
1629,0
1630,1
1631,0
1632,0
1633,1
1634,0
1635,1
1636,1
1637,0
1638,1
1639,0
1640,1
1641,0
1642,1
1643,0
1644,0
1645,0
1646,0
1647,0
1648,0
1649,0
1650,0
1651,1
1652,0
1653,0
1654,0
1655,0
1656,0
1657,0
1658,1
1659,0
1660,0
1661,0
1662,0
1663,0
1664,0
1665,1
1666,1
1667,0
1668,0
1669,0
1670,0
1671,1
1672,0
1673,0
1674,0
1675,0
1676,0
1677,1
1678,0
1679,1
1680,0
1681,0
1682,0
1683,0
1684,1
1685,0
1686,0
1687,0
1688,0
1689,1
1690,0
1691,0
1692,1
1693,1
1694,0
1695,1
1696,1
1697,1
1698,0
1699,1
1700,1
1701,0
1702,0
1703,0
1704,0
1705,1
1706,0
1707,0
1708,0
1709,0
1710,0
1711,0
1712,0
1713,0
1714,0
1715,0
1716,1
1717,0
1718,1
1719,1
1720,1
1721,0
1722,0
1723,0
1724,0
1725,0
1726,0
1727,0
1728,0
1729,0
1730,1
1731,1
1732,1
1733,0
1734,0
1735,0
1736,1
1737,1
1738,0
1739,0
1740,0
1741,0
1742,0
1743,0
1744,0
1745,0
1746,0
1747,0
1748,0
1749,0
1750,0
1751,1
1752,1
1753,0
1754,0
1755,1
1756,0
1757,0
1758,0
1759,0
1760,1
1761,0
1762,0
1763,0
1764,0
1765,0
1766,0
1767,1
1768,1
1769,1
1770,0
1771,0
1772,1
1773,0
1774,0
1775,0
1776,1
1777,0
1778,0
1779,0
1780,1
1781,0
1782,0
1783,1
1784,0
1785,0
1786,0
1787,0
1788,0
1789,0
1790,0
1791,0
1792,0
1793,0
1794,0
1795,1
1796,0
1797,0
1798,1
1799,0
1800,0
1801,0
1802,0
1803,0
1804,0
1805,0
1806,0
1807,0
1808,0
1809,0
1810,0
1811,0
1812,1
1813,0
1814,0
1815,0
1816,0
1817,0
1818,0
1819,1
1820,1
1821,0
1822,0
1823,0
1824,1
1825,0
1826,0
1827,1
1828,1
1829,0
1830,0
1831,0
1832,0
1833,1
1834,0
1835,0
1836,1
1837,0
1838,1
1839,0
1840,0
1841,0
1842,1
1843,0
1844,1
1845,0
1846,0
1847,1
1848,0
1849,0
1850,0
1851,0
1852,1
1853,0
1854,0
1855,0
1856,0
1857,0
1858,0
1859,0
1860,1
1861,0
1862,0
1863,0
1864,0
1865,0
1866,0
1867,0
1868,0
1869,0
1870,0
1871,0
1872,1
1873,0
1874,0
1875,0
1876,0
1877,0
1878,0
1879,1
1880,0
1881,1
1882,0
1883,0
1884,0
1885,1
1886,0
1887,0
1888,0
1889,0
1890,1
1891,0
1892,0
1893,0
1894,0
1895,1
1896,0
1897,0
1898,0
1899,0
1900,0
1901,0
1902,0
1903,0
1904,0
1905,0
1906,1
1907,0
1908,0
1909,0
1910,0
1911,0
1912,0
1913,0
1914,0
1915,1
1916,0
1917,0
1918,0
1919,1
1920,0
1921,0
1922,0
1923,1
1924,1
1925,1
1926,0
1927,0
1928,0
1929,0
1930,0
1931,0
1932,1
1933,1
1934,1
1935,0
1936,0
1937,0
1938,0
1939,0
1940,1
1941,0
1942,0
1943,0
1944,0
1945,0
1946,0
1947,0
1948,0
1949,1
1950,0
1951,1
1952,1
1953,0
1954,1
1955,0
1956,0
1957,0
1958,1
1959,1
1960,0
1961,1
1962,1
1963,1
1964,0
1965,0
1966,0
1967,0
1968,0
1969,0
1970,0
1971,1
1972,0
1973,0
1974,0
1975,1
1976,1
1977,0
1978,0
1979,0
1980,0
1981,0
1982,1
1983,0
1984,0
1985,0
1986,0
1987,0
1988,0
1989,1
1990,0
1991,0
1992,0
1993,0
1994,0
1995,0
1996,0
1997,0
1998,0
1999,0
2000,0
2001,0
2002,0
2003,0
2004,1
2005,0
2006,1
2007,0
2008,1
2009,0
2010,0
2011,0
2012,1
2013,1
2014,1
2015,0
2016,1
2017,0
2018,0
2019,0
2020,0
2021,0
2022,0
2023,0
2024,0
2025,0
2026,1
2027,0
2028,0
2029,1
2030,0
2031,0
2032,0
2033,1
2034,0
2035,0
2036,0
2037,0
2038,1
2039,0
2040,1
2041,0
2042,1
2043,0
2044,1
2045,1
2046,0
2047,0
2048,1
2049,0
2050,0
2051,1
2052,1
2053,1
2054,0
2055,0
2056,0
2057,1
2058,0
2059,0
2060,0
2061,0
2062,0
2063,1
2064,0
2065,1
2066,0
2067,1
2068,0
2069,0
2070,0
2071,1
2072,1
2073,0
2074,0
2075,0
2076,0
2077,0
2078,0
2079,0
2080,0
2081,1
2082,0
2083,0
2084,0
2085,0
2086,1
2087,1
2088,0
2089,0
2090,0
2091,0
2092,0
2093,0
2094,0
2095,0
2096,0
2097,0
2098,1
2099,0
2100,0
2101,1
2102,0
2103,1
2104,1
2105,0
2106,0
2107,0
2108,1
2109,0
2110,0
2111,0
2112,1
2113,0
2114,1
2115,0
2116,0
2117,0
2118,0
2119,1
2120,0
2121,1
2122,0
2123,0
2124,0
2125,0
2126,0
2127,0
2128,0
2129,0
2130,1
2131,0
2132,1
2133,0
2134,0
2135,0
2136,1
2137,1
2138,0
2139,1
2140,0
2141,0
2142,1
2143,1
2144,1
2145,0
2146,0
2147,1
2148,1
2149,1
2150,0
2151,1
2152,0
2153,0
2154,0
2155,0
2156,1
2157,0
2158,0
2159,1
2160,0
2161,0
2162,0
2163,1
2164,0
2165,1
2166,0
2167,0
2168,1
2169,1
2170,1
2171,0
2172,0
2173,0
2174,0
2175,1
2176,0
2177,0
2178,1
2179,0
2180,0
2181,0
2182,1
2183,0
2184,1
2185,1
2186,0
2187,0
2188,0
2189,0
2190,0
2191,0
2192,0
2193,1
2194,0
2195,0
2196,1
2197,0
2198,0
2199,0
2200,0
2201,0
2202,1
2203,0
2204,0
2205,1
2206,1
2207,0
2208,0
2209,1
2210,0
2211,0
2212,0
2213,0
2214,0
2215,0
2216,0
2217,0
2218,1
2219,0
2220,0
2221,1
2222,0
2223,0
2224,0
2225,0
2226,1
2227,0
2228,0
2229,0
2230,0
2231,0
2232,0
2233,1
2234,0
2235,1
2236,0
2237,1
2238,0
2239,1
2240,0
2241,0
2242,0
2243,0
2244,0
2245,0
2246,0
2247,0
2248,1
2249,0
2250,0
2251,0
2252,0
2253,0
2254,0
2255,0
2256,0
2257,0
2258,0
2259,0
2260,1
2261,1
2262,0
2263,1
2264,0
2265,0
2266,0
2267,0
2268,0
2269,1
2270,1
2271,0
2272,1
2273,1
2274,0
2275,0
2276,0
2277,1
2278,0
2279,0
2280,0
2281,0
2282,0
2283,0
2284,0
2285,0
2286,1
2287,0
2288,0
2289,0
2290,0
2291,0
2292,0
2293,1
2294,0
2295,0
2296,0
2297,1
2298,1
2299,0
2300,0
2301,0
2302,1
2303,1
2304,1
2305,0
2306,1
2307,0
2308,0
2309,0
2310,0
2311,0
2312,0
2313,1
2314,0
2315,0
2316,0
2317,0
2318,1
2319,0
2320,1
2321,1
2322,1
2323,1
2324,1
2325,0
2326,0
2327,0
2328,1
2329,0
2330,0
2331,0
2332,0
2333,0
2334,0
2335,0
2336,0
2337,1
2338,1
2339,0
2340,0
2341,1
2342,1
2343,0
2344,0
2345,0
2346,1
2347,1
2348,0
2349,0
2350,0
2351,1
2352,0
2353,0
2354,0
2355,0
2356,0
2357,0
2358,0
2359,0
2360,1
2361,0
2362,1
2363,0
2364,1
2365,1
2366,0
2367,0
2368,0
2369,0
2370,1
2371,0
2372,0
2373,0
2374,0
2375,0
2376,0
2377,0
2378,0
2379,0
2380,0
2381,1
2382,0
2383,0
2384,0
2385,1
2386,0
2387,1
2388,1
2389,0
2390,1
2391,0
2392,0
2393,0
2394,1
2395,0
2396,0
2397,0
2398,0
2399,0
2400,0
2401,0
2402,0
2403,0
2404,1
2405,0
2406,0
2407,1
2408,0
2409,1
2410,0
2411,0
2412,0
2413,1
2414,1
2415,0
2416,0
2417,1
2418,1
2419,0
2420,1
2421,0
2422,0
2423,0
2424,0
2425,1
2426,0
2427,0
2428,0
2429,0
2430,1
2431,0
2432,0
2433,0
2434,0
2435,0
2436,0
2437,1
2438,0
2439,1
2440,0
2441,1
2442,0
2443,0
2444,0
2445,0
2446,1
2447,0
2448,0
2449,0
2450,0
2451,0
2452,0
2453,0
2454,0
2455,0
2456,0
2457,0
2458,0
2459,0
2460,1
2461,0
2462,0
2463,1
2464,1
2465,0
2466,0
2467,0
2468,0
2469,0
2470,0
2471,0
2472,0
2473,0
2474,0
2475,0
2476,0
2477,0
2478,1
2479,0
2480,0
2481,0
2482,0
2483,1
2484,0
2485,0
2486,1
2487,0
2488,0
2489,0
2490,1
2491,0
2492,0
2493,0
2494,0
2495,0
2496,0
2497,1
2498,0
2499,0
2500,0
2501,0
2502,1
2503,0
2504,0
2505,0
2506,1
2507,1
2508,0
2509,0
2510,0
2511,0
2512,1
2513,1
2514,1
2515,0
2516,0
2517,0
2518,1
2519,1
2520,0
2521,1
2522,1
2523,0
2524,0
2525,0
2526,0
2527,0
2528,0
2529,0
2530,0
2531,0
2532,0
2533,1
2534,0
2535,0
2536,0
2537,0
2538,0
2539,1
2540,0
2541,0
2542,0
2543,0
2544,1
2545,0
2546,1
2547,0
2548,1
2549,1
2550,1
2551,1
2552,1
2553,0
2554,0
2555,0
2556,0
2557,0
2558,0
2559,1
2560,1
2561,0
2562,0
2563,0
2564,1
2565,0
2566,0
2567,0
2568,0
2569,0
2570,0
2571,0
2572,0
2573,1
2574,1
2575,0
2576,0
2577,0
2578,0
2579,0
2580,0
2581,1
2582,1
2583,0
2584,0
2585,0
2586,0
2587,0
2588,1
2589,0
2590,0
2591,0
2592,0
2593,1
2594,0
2595,0
2596,1
2597,0
2598,0
2599,0
2600,0
2601,0
2602,0
2603,0
2604,0
2605,1
2606,1
2607,0
2608,1
2609,1
2610,1
2611,1
2612,1
2613,0
2614,0
2615,0
2616,1
2617,0
2618,0
2619,0
2620,0
2621,0
2622,0
2623,0
2624,0
2625,1
2626,0
2627,0
2628,0
2629,0
2630,0
2631,0
2632,0
2633,0
2634,1
2635,1
2636,1
2637,0
2638,0
2639,0
2640,0
2641,0
2642,0
2643,0
2644,1
2645,1
2646,0
2647,0
2648,0
2649,0
2650,0
2651,0
2652,1
2653,1
2654,0
2655,0
2656,0
2657,0
2658,0
2659,0
2660,0
2661,0
2662,0
2663,1
2664,0
2665,0
2666,0
2667,0
2668,0
2669,0
2670,0
2671,0
2672,1
2673,0
2674,0
2675,0
2676,0
2677,1
2678,0
2679,1
2680,1
2681,0
2682,0
2683,0
2684,0
2685,1
2686,0
2687,1
2688,0
2689,1
2690,1
2691,1
2692,1
2693,1
2694,1
2695,0
2696,1
2697,1
2698,1
2699,1
2700,0
2701,1
2702,0
2703,1
2704,0
2705,0
2706,0
2707,0
2708,1
2709,0
2710,0
2711,0
2712,0
2713,1
2714,1
2715,0
2716,1
2717,1
2718,1
2719,1
2720,0
2721,1
2722,0
2723,0
2724,1
2725,0
2726,1
2727,0
2728,0
2729,0
2730,1
2731,0
2732,0
2733,1
2734,0
2735,0
2736,1
2737,0
2738,0
2739,1
2740,0
2741,0
2742,0
2743,1
2744,0
2745,0
2746,0
2747,0
2748,0
2749,0
2750,1
2751,0
2752,0
2753,0
2754,1
2755,1
2756,0
2757,1
2758,0
2759,0
2760,1
2761,0
2762,0
2763,0
2764,1
2765,0
2766,0
2767,1
2768,0
2769,0
2770,0
2771,0
2772,1
2773,1
2774,0
2775,0
2776,0
2777,0
2778,0
2779,1
2780,0
2781,1
2782,0
2783,0
2784,0
2785,0
2786,1
2787,0
2788,1
2789,1
2790,0
2791,0
2792,0
2793,1
2794,0
2795,0
2796,1
2797,0
2798,0
2799,1
2800,1
2801,1
2802,0
2803,0
2804,1
2805,0
2806,1
2807,1
2808,0
2809,0
2810,0
2811,0
2812,0
2813,0
2814,0
2815,0
2816,0
2817,0
2818,1
2819,0
2820,0
2821,0
2822,1
2823,0
2824,0
2825,0
2826,0
2827,0
2828,0
2829,0
2830,0
2831,0
2832,0
2833,1
2834,0
2835,0
2836,0
2837,0
2838,0
2839,0
2840,0
2841,0
2842,0
2843,1
2844,1
2845,1
2846,0
2847,0
2848,0
2849,0
2850,1
2851,0
2852,1
2853,0
2854,0
2855,0
2856,0
2857,0
2858,1
2859,0
2860,1
2861,0
2862,1
2863,0
2864,0
2865,1
2866,0
2867,0
2868,0
2869,0
2870,1
2871,1
2872,0
2873,1
2874,1
2875,0
2876,0
2877,0
2878,0
2879,0
2880,0
2881,0
2882,0
2883,0
2884,1
2885,0
2886,0
2887,0
2888,0
2889,1
2890,0
2891,0
2892,0
2893,0
2894,0
2895,1
2896,0
2897,1
2898,1
2899,1
2900,1
2901,0
2902,0
2903,1
2904,0
2905,1
2906,0
2907,1
2908,1
2909,0
2910,0
2911,0
2912,0
2913,0
2914,0
2915,0
2916,0
2917,1
2918,0
2919,0
2920,0
2921,0
2922,0
2923,0
2924,0
2925,0
2926,0
2927,0
2928,0
2929,0
2930,0
2931,0
2932,1
2933,0
2934,1
2935,0
2936,0
2937,0
2938,1
2939,0
2940,0
2941,1
2942,0
2943,0
2944,0
2945,0
2946,0
2947,0
2948,0
2949,0
2950,1
2951,1
2952,0
2953,0
2954,0
2955,1
2956,1
2957,1
2958,0
2959,0
2960,0
2961,0
2962,1
2963,1
2964,0
2965,0
2966,1
2967,0
2968,1
2969,0
2970,1
2971,0
2972,0
2973,0
2974,0
2975,0
2976,1
2977,1
2978,1
2979,0
2980,0
2981,0
2982,0
2983,0
2984,0
2985,0
2986,0
2987,0
2988,0
2989,0
2990,0
2991,0
2992,0
2993,0
2994,0
2995,0
2996,0
2997,1
2998,0
2999,0
3000,0
3001,0
3002,1
3003,0
3004,0
3005,1
3006,1
3007,0
3008,1
3009,0
3010,0
3011,0
3012,0
3013,0
3014,1
3015,1
3016,1
3017,1
3018,0
3019,0
3020,0
3021,0
3022,0
3023,0
3024,0
3025,1
3026,0
3027,0
3028,0
3029,1
3030,0
3031,0
3032,0
3033,0
3034,0
3035,0
3036,0
3037,0
3038,0
3039,1
3040,0
3041,0
3042,0
3043,1
3044,1
3045,0
3046,0
3047,1
3048,1
3049,1
3050,0
3051,1
3052,0
3053,0
3054,0
3055,0
3056,0
3057,0
3058,1
3059,1
3060,0
3061,0
3062,0
3063,1
3064,0
3065,0
3066,1
3067,0
3068,0
3069,0
3070,0
3071,0
3072,0
3073,0
3074,0
3075,0
3076,0
3077,1
3078,0
3079,0
3080,0
3081,0
3082,0
3083,0
3084,0
3085,0
3086,0
3087,0
3088,0
3089,0
3090,1
3091,0
3092,1
3093,0
3094,1
3095,0
3096,1
3097,0
3098,0
3099,0
3100,0
3101,1
3102,0
3103,0
3104,1
3105,0
3106,0
3107,0
3108,0
3109,0
3110,0
3111,0
3112,0
3113,0
3114,1
3115,0
3116,1
3117,0
3118,0
3119,0
3120,0
3121,0
3122,1
3123,1
3124,1
3125,1
3126,0
3127,0
3128,0
3129,0
3130,1
3131,1
3132,0
3133,0
3134,0
3135,0
3136,0
3137,0
3138,0
3139,1
3140,0
3141,0
3142,0
3143,1
3144,0
3145,0
3146,0
3147,0
3148,0
3149,0
3150,0
3151,0
3152,0
3153,1
3154,0
3155,0
3156,0
3157,0
3158,0
3159,0
3160,1
3161,1
3162,0
3163,0
3164,1
3165,0
3166,1
3167,0
3168,0
3169,0
3170,0
3171,0
3172,0
3173,0
3174,0
3175,1
3176,0
3177,0
3178,0
3179,1
3180,0
3181,0
3182,0
3183,0
3184,0
3185,1
3186,0
3187,0
3188,0
3189,0
3190,1
3191,0
3192,1
3193,0
3194,0
3195,0
3196,0
3197,0
3198,1
3199,0
3200,0
3201,1
3202,0
3203,1
3204,1
3205,1
3206,0
3207,0
3208,0
3209,1
3210,0
3211,0
3212,1
3213,0
3214,0
3215,1
3216,0
3217,1
3218,0
3219,0
3220,0
3221,0
3222,1
3223,0
3224,0
3225,0
3226,0
3227,0
3228,0
3229,0
3230,0
3231,1
3232,0
3233,1
3234,1
3235,0
3236,0
3237,0
3238,0
3239,1
3240,0
3241,0
3242,0
3243,1
3244,0
3245,0
3246,0
3247,0
3248,1
3249,0
3250,0
3251,1
3252,0
3253,1
3254,0
3255,1
3256,0
3257,0
3258,0
3259,0
3260,0
3261,1
3262,0
3263,0
3264,1
3265,0
3266,1
3267,0
3268,0
3269,1
3270,0
3271,0
3272,1
3273,1
3274,1
3275,0
3276,0
3277,1
3278,0
3279,0
3280,0
3281,0
3282,1
3283,0
3284,1
3285,0
3286,0
3287,0
3288,0
3289,0
3290,0
3291,0
3292,0
3293,0
3294,1
3295,1
3296,0
3297,0
3298,0
3299,0
3300,0
3301,0
3302,1
3303,1
3304,0
3305,0
3306,0
3307,1
3308,0
3309,0
3310,1
3311,0
3312,1
3313,0
3314,0
3315,0
3316,0
3317,0
3318,0
3319,1
3320,0
3321,1
3322,1
3323,0
3324,0
3325,0
3326,0
3327,0
3328,1
3329,0
3330,0
3331,0
3332,1
3333,0
3334,0
3335,0
3336,0
3337,0
3338,0
3339,1
3340,0
3341,1
3342,0
3343,0
3344,0
3345,0
3346,0
3347,0
3348,0
3349,1
3350,0
3351,0
3352,0
3353,0
3354,0
3355,0
3356,1
3357,0
3358,1
3359,0
3360,1
3361,0
3362,0
3363,0
3364,0
3365,1
3366,0
3367,1
3368,0
3369,0
3370,1
3371,1
3372,1
3373,0
3374,0
3375,0
3376,1
3377,0
3378,0
3379,0
3380,1
3381,0
3382,0
3383,1
3384,1
3385,0
3386,0
3387,0
3388,0
3389,1
3390,0
3391,0
3392,1
3393,0
3394,0
3395,0
3396,0
3397,1
3398,0
3399,1
3400,0
3401,0
3402,0
3403,0
3404,1
3405,1
3406,0
3407,0
3408,0
3409,0
3410,0
3411,0
3412,0
3413,0
3414,0
3415,0
3416,0
3417,0
3418,1
3419,0
3420,0
3421,0
3422,0
3423,0
3424,0
3425,1
3426,0
3427,0
3428,1
3429,1
3430,1
3431,1
3432,1
3433,0
3434,0
3435,0
3436,1
3437,0
3438,0
3439,0
3440,0
3441,0
3442,0
3443,0
3444,0
3445,1
3446,0
3447,0
3448,1
3449,0
3450,0
3451,0
3452,1
3453,0
3454,0
3455,0
3456,0
3457,0
3458,0
3459,0
3460,1
3461,0
3462,0
3463,0
3464,0
3465,0
3466,0
3467,0
3468,1
3469,0
3470,0
3471,0
3472,0
3473,0
3474,1
3475,1
3476,0
3477,0
3478,1
3479,0
3480,1
3481,0
3482,0
3483,0
3484,0
3485,0
3486,0
3487,0
3488,0
3489,1
3490,0
3491,0
3492,0
3493,0
3494,0
3495,0
3496,1
3497,1
3498,1
3499,1
3500,0
3501,0
3502,0
3503,1
3504,0
3505,1
3506,0
3507,1
3508,0
3509,0
3510,0
3511,0
3512,1
3513,1
3514,1
3515,1
3516,0
3517,0
3518,1
3519,1
3520,1
3521,0
3522,0
3523,0
3524,0
3525,1
3526,1
3527,0
3528,0
3529,1
3530,0
3531,0
3532,1
3533,0
3534,1
3535,0
3536,1
3537,1
3538,0
3539,0
3540,0
3541,1
3542,0
3543,0
3544,0
3545,0
3546,1
3547,0
3548,1
3549,0
3550,1
3551,0
3552,0
3553,0
3554,0
3555,0
3556,1
3557,1
3558,0
3559,0
3560,1
3561,0
3562,1
3563,1
3564,0
3565,0
3566,0
3567,1
3568,0
3569,1
3570,1
3571,0
3572,0
3573,0
3574,1
3575,0
3576,1
3577,1
3578,0
3579,0
3580,0
3581,0
3582,0
3583,0
3584,0
3585,0
3586,0
3587,0
3588,1
3589,0
3590,0
3591,0
3592,0
3593,0
3594,0
3595,1
3596,0
3597,0
3598,0
3599,1
3600,0
3601,0
3602,0
3603,0
3604,0
3605,0
3606,0
3607,0
3608,0
3609,1
3610,0
3611,1
3612,1
3613,0
3614,0
3615,0
3616,0
3617,0
3618,0
3619,0
3620,0
3621,1
3622,0
3623,0
3624,0
3625,0
3626,1
3627,1
3628,0
3629,1
3630,0
3631,0
3632,1
3633,0
3634,0
3635,0
3636,1
3637,0
3638,1
3639,0
3640,0
3641,0
3642,0
3643,1
3644,1
3645,0
3646,0
3647,0
3648,0
3649,0
3650,0
3651,1
3652,1
3653,1
3654,0
3655,1
3656,0
3657,0
3658,0
3659,0
3660,0
3661,0
3662,0
3663,0
3664,0
3665,0
3666,1
3667,0
3668,0
3669,0
3670,0
3671,1
3672,1
3673,0
3674,0
3675,0
3676,0
3677,0
3678,0
3679,0
3680,1
3681,1
3682,0
3683,1
3684,0
3685,0
3686,1
3687,0
3688,0
3689,1
3690,0
3691,0
3692,0
3693,0
3694,1
3695,1
3696,0
3697,0
3698,0
3699,1
3700,0
3701,0
3702,1
3703,0
3704,1
3705,0
3706,0
3707,1
3708,0
3709,0
3710,0
3711,0
3712,0
3713,0
3714,1
3715,0
3716,0
3717,0
3718,0
3719,0
3720,0
3721,1
3722,0
3723,1
3724,1
3725,0
3726,1
3727,1
3728,1
3729,0
3730,0
3731,0
3732,1
3733,0
3734,0
3735,0
3736,0
3737,0
3738,0
3739,1
3740,1
3741,0
3742,0
3743,0
3744,0
3745,0
3746,1
3747,1
3748,0
3749,1
3750,0
3751,1
3752,1
3753,0
3754,0
3755,0
3756,1
3757,1
3758,0
3759,0
3760,1
3761,0
3762,0
3763,1
3764,1
3765,0
3766,1
3767,1
3768,1
3769,0
3770,0
3771,0
3772,0
3773,0
3774,0
3775,1
3776,0
3777,0
3778,0
3779,0
3780,1
3781,1
3782,0
3783,0
3784,0
3785,0
3786,0
3787,1
3788,0
3789,1
3790,1
3791,0
3792,0
3793,0
3794,0
3795,0
3796,0
3797,1
3798,0
3799,1
3800,0
3801,0
3802,1
3803,1
3804,1
3805,0
3806,0
3807,1
3808,0
3809,1
3810,0
3811,1
3812,0
3813,0
3814,0
3815,0
3816,0
3817,0
3818,0
3819,0
3820,0
3821,1
3822,0
3823,0
3824,0
3825,0
3826,1
3827,1
3828,1
3829,1
3830,0
3831,1
3832,0
3833,0
3834,0
3835,1
3836,0
3837,0
3838,0
3839,1
3840,0
3841,0
3842,1
3843,1
3844,0
3845,0
3846,0
3847,0
3848,1
3849,1
3850,0
3851,0
3852,0
3853,0
3854,0
3855,1
3856,0
3857,0
3858,0
3859,0
3860,0
3861,0
3862,0
3863,0
3864,0
3865,0
3866,0
3867,0
3868,1
3869,0
3870,0
3871,1
3872,0
3873,0
3874,1
3875,0
3876,0
3877,0
3878,1
3879,1
3880,1
3881,0
3882,0
3883,1
3884,0
3885,0
3886,1
3887,0
3888,0
3889,1
3890,0
3891,0
3892,1
3893,0
3894,0
3895,1
3896,0
3897,0
3898,1
3899,1
3900,0
3901,1
3902,0
3903,0
3904,0
3905,1
3906,0
3907,0
3908,1
3909,0
3910,0
3911,0
3912,0
3913,0
3914,1
3915,1
3916,1
3917,0
3918,0
3919,0
3920,0
3921,1
3922,0
3923,1
3924,1
3925,0
3926,1
3927,0
3928,0
3929,0
3930,0
3931,0
3932,0
3933,1
3934,0
3935,1
3936,0
3937,1
3938,0
3939,1
3940,0
3941,0
3942,0
3943,0
3944,0
3945,0
3946,0
3947,0
3948,0
3949,0
3950,0
3951,0
3952,1
3953,0
3954,1
3955,0
3956,1
3957,1
3958,1
3959,0
3960,0
3961,0
3962,0
3963,0
3964,0
3965,0
3966,0
3967,0
3968,0
3969,1
3970,0
3971,0
3972,1
3973,0
3974,1
3975,1
3976,0
3977,0
3978,0
3979,1
3980,0
3981,0
3982,0
3983,0
3984,0
3985,0
3986,0
3987,0
3988,1
3989,0
3990,0
3991,0
3992,0
3993,0
3994,0
3995,0
3996,0
3997,1
3998,0
3999,1
4000,0
4001,0
4002,0
4003,0
4004,0
4005,0
4006,0
4007,0
4008,0
4009,0
4010,0
4011,0
4012,0
4013,1
4014,0
4015,0
4016,0
4017,1
4018,0
4019,1
4020,1
4021,0
4022,0
4023,1
4024,0
4025,0
4026,0
4027,0
4028,1
4029,1
4030,1
4031,1
4032,1
4033,0
4034,0
4035,1
4036,1
4037,0
4038,0
4039,0
4040,1
4041,0
4042,0
4043,0
4044,0
4045,0
4046,1
4047,0
4048,0
4049,1
4050,0
4051,0
4052,0
4053,0
4054,1
4055,1
4056,1
4057,0
4058,1
4059,1
4060,0
4061,0
4062,1
4063,0
4064,0
4065,0
4066,0
4067,0
4068,0
4069,1
4070,0
4071,1
4072,1
4073,1
4074,1
4075,0
4076,1
4077,0
4078,0
4079,0
4080,0
4081,1
4082,1
4083,0
4084,0
4085,1
4086,0
4087,1
4088,1
4089,0
4090,1
4091,1
4092,0
4093,1
4094,0
4095,0
4096,0
4097,0
4098,1
4099,0
4100,0
4101,1
4102,1
4103,0
4104,0
4105,0
4106,0
4107,0
4108,0
4109,0
4110,1
4111,0
4112,0
4113,0
4114,0
4115,0
4116,0
4117,0
4118,0
4119,0
4120,1
4121,1
4122,0
4123,0
4124,0
4125,0
4126,0
4127,0
4128,1
4129,0
4130,0
4131,1
4132,0
4133,1
4134,0
4135,1
4136,1
4137,0
4138,1
4139,0
4140,1
4141,1
4142,0
4143,1
4144,1
4145,0
4146,1
4147,0
4148,1
4149,0
4150,1
4151,0
4152,0
4153,0
4154,0
4155,0
4156,0
4157,0
4158,1
4159,0
4160,0
4161,0
4162,0
4163,1
4164,0
4165,1
4166,0
4167,1
4168,1
4169,1
4170,0
4171,0
4172,0
4173,0
4174,1
4175,0
4176,0
4177,0
4178,0
4179,0
4180,0
4181,1
4182,0
4183,0
4184,0
4185,0
4186,0
4187,0
4188,0
4189,0
4190,0
4191,0
4192,1
4193,1
4194,0
4195,0
4196,0
4197,1
4198,0
4199,1
4200,0
4201,1
4202,0
4203,0
4204,0
4205,1
4206,0
4207,0
4208,0
4209,0
4210,0
4211,0
4212,0
4213,0
4214,0
4215,0
4216,0
4217,1
4218,0
4219,1
4220,0
4221,0
4222,0
4223,0
4224,0
4225,1
4226,1
4227,0
4228,0
4229,1
4230,0
4231,0
4232,0
4233,1
4234,0
4235,1
4236,0
4237,1
4238,0
4239,0
4240,0
4241,0
4242,0
4243,1
4244,1
4245,0
4246,0
4247,0
4248,0
4249,0
4250,0
4251,0
4252,1
4253,0
4254,1
4255,0
4256,0
4257,1
4258,0
4259,1
4260,0
4261,0
4262,0
4263,0
4264,0
4265,1
4266,1
4267,0
4268,1
4269,0
4270,0
4271,0
4272,0
4273,0
4274,0
4275,0
4276,0
4277,0
4278,0
4279,0
4280,1
4281,0
4282,1
4283,1
4284,0
4285,0
4286,0
4287,0
4288,0
4289,1
4290,1
4291,1
4292,0
4293,0
4294,1
4295,0
4296,0
4297,1
4298,1
4299,0
4300,0
4301,0
4302,0
4303,0
4304,0
4305,0
4306,0
4307,1
4308,0
4309,1
4310,0
4311,0
4312,0
4313,0
4314,1
4315,0
4316,1
4317,0
4318,0
4319,0
4320,0
4321,1
4322,1
4323,0
4324,0
4325,0
4326,1
4327,0
4328,1
4329,0
4330,0
4331,0
4332,0
4333,1
4334,0
4335,0
4336,1
4337,0
4338,1
4339,0
4340,1
4341,1
4342,1
4343,0
4344,1
4345,1
4346,0
4347,0
4348,0
4349,0
4350,0
4351,0
4352,1
4353,0
4354,0
4355,0
4356,0
4357,1
4358,0
4359,0
4360,0
4361,0
4362,1
4363,0
4364,0
4365,1
4366,0
4367,0
4368,1
4369,0
4370,1
4371,0
4372,0
4373,0
4374,1
4375,0
4376,0
4377,0
4378,0
4379,1
4380,0
4381,0
4382,0
4383,0
4384,0
4385,0
4386,0
4387,0
4388,1
4389,0
4390,0
4391,0
4392,0
4393,0
4394,0
4395,0
4396,1
4397,0
4398,0
4399,0
4400,0
4401,0
4402,0
4403,0
4404,0
4405,0
4406,0
4407,0
4408,1
4409,0
4410,0
4411,0
4412,0
4413,0
4414,0
4415,0
4416,0
4417,0
4418,0
4419,0
4420,1
4421,0
4422,0
4423,0
4424,0
4425,0
4426,0
4427,1
4428,0
4429,0
4430,0
4431,0
4432,0
4433,0
4434,0
4435,0
4436,1
4437,0
4438,1
4439,0
4440,0
4441,0
4442,0
4443,0
4444,0
4445,1
4446,0
4447,0
4448,1
4449,0
4450,0
4451,0
4452,0
4453,0
4454,1
4455,1
4456,0
4457,0
4458,0
4459,0
4460,1
4461,0
4462,0
4463,0
4464,0
4465,0
4466,0
4467,1
4468,1
4469,0
4470,0
4471,1
4472,0
4473,0
4474,0
4475,0
4476,0
4477,0
4478,1
4479,0
4480,0
4481,0
4482,1
4483,0
4484,1
4485,0
4486,0
4487,0
4488,0
4489,0
4490,0
4491,1
4492,1
4493,1
4494,0
4495,0
4496,0
4497,1
4498,0
4499,0
4500,0
4501,1
4502,0
4503,0
4504,0
4505,1
4506,1
4507,0
4508,0
4509,0
4510,0
4511,1
4512,0
4513,1
4514,0
4515,0
4516,0
4517,0
4518,0
4519,1
4520,0
4521,0
4522,0
4523,0
4524,0
4525,0
4526,1
4527,0
4528,0
4529,1
4530,0
4531,0
4532,0
4533,0
4534,1
4535,0
4536,0
4537,0
4538,1
4539,0
4540,0
4541,1
4542,0
4543,1
4544,0
4545,0
4546,1
4547,0
4548,0
4549,0
4550,0
4551,0
4552,0
4553,1
4554,0
4555,1
4556,1
4557,0
4558,1
4559,1
4560,0
4561,1
4562,0
4563,0
4564,0
4565,0
4566,1
4567,0
4568,0
4569,0
4570,0
4571,1
4572,0
4573,0
4574,0
4575,0
4576,1
4577,0
4578,0
4579,1
4580,0
4581,0
4582,0
4583,0
4584,0
4585,1
4586,0
4587,1
4588,0
4589,0
4590,0
4591,0
4592,0
4593,0
4594,0
4595,0
4596,0
4597,1
4598,0
4599,0
4600,0
4601,0
4602,0
4603,0
4604,0
4605,0
4606,0
4607,0
4608,0
4609,0
4610,0
4611,0
4612,0
4613,0
4614,0
4615,0
4616,0
4617,0
4618,0
4619,1
4620,0
4621,1
4622,1
4623,0
4624,0
4625,1
4626,0
4627,0
4628,1
4629,0
4630,0
4631,1
4632,1
4633,1
4634,0
4635,0
4636,1
4637,0
4638,1
4639,1
4640,1
4641,0
4642,1
4643,0
4644,0
4645,0
4646,0
4647,0
4648,0
4649,0
4650,0
4651,1
4652,1
4653,0
4654,0
4655,0
4656,0
4657,0
4658,1
4659,1
4660,0
4661,0
4662,0
4663,0
4664,1
4665,0
4666,1
4667,1
4668,1
4669,0
4670,0
4671,0
4672,1
4673,0
4674,0
4675,0
4676,0
4677,0
4678,0
4679,1
4680,0
4681,0
4682,0
4683,0
4684,0
4685,1
4686,0
4687,1
4688,1
4689,1
4690,0
4691,0
4692,0
4693,1
4694,0
4695,1
4696,1
4697,0
4698,1
4699,0
4700,0
4701,0
4702,0
4703,1
4704,1
4705,0
4706,0
4707,1
4708,0
4709,0
4710,1
4711,1
4712,0
4713,0
4714,0
4715,0
4716,0
4717,0
4718,0
4719,0
4720,0
4721,0
4722,0
4723,1
4724,0
4725,1
4726,0
4727,1
4728,0
4729,0
4730,1
4731,0
4732,0
4733,0
4734,0
4735,0
4736,0
4737,0
4738,1
4739,1
4740,0
4741,1
4742,0
4743,0
4744,1
4745,0
4746,0
4747,0
4748,0
4749,0
4750,0
4751,0
4752,1
4753,0
4754,1
4755,0
4756,0
4757,0
4758,0
4759,0
4760,0
4761,0
4762,0
4763,0
4764,0
4765,0
4766,0
4767,0
4768,0
4769,1
4770,0
4771,0
4772,0
4773,1
4774,0
4775,0
4776,0
4777,0
4778,0
4779,0
4780,0
4781,0
4782,0
4783,0
4784,1
4785,0
4786,0
4787,0
4788,0
4789,0
4790,0
4791,0
4792,0
4793,0
4794,0
4795,0
4796,0
4797,0
4798,0
4799,0
4800,1
4801,0
4802,0
4803,0
4804,0
4805,0
4806,0
4807,0
4808,0
4809,0
4810,0
4811,0
4812,0
4813,0
4814,0
4815,0
4816,0
4817,1
4818,1
4819,0
4820,0
4821,0
4822,0
4823,0
4824,0
4825,0
4826,0
4827,0
4828,0
4829,1
4830,0
4831,1
4832,0
4833,0
4834,0
4835,0
4836,0
4837,0
4838,0
4839,0
4840,0
4841,0
4842,0
4843,0
4844,1
4845,0
4846,0
4847,0
4848,0
4849,0
4850,0
4851,0
4852,0
4853,0
4854,1
4855,0
4856,1
4857,0
4858,0
4859,0
4860,0
4861,0
4862,0
4863,0
4864,0
4865,0
4866,0
4867,1
4868,0
4869,0
4870,0
4871,1
4872,0
4873,1
4874,0
4875,1
4876,0
4877,0
4878,0
4879,0
4880,0
4881,1
4882,1
4883,0
4884,1
4885,0
4886,1
4887,1
4888,0
4889,0
4890,1
4891,0
4892,0
4893,0
4894,1
4895,1
4896,0
4897,0
4898,1
4899,0
4900,0
4901,0
4902,0
4903,0
4904,0
4905,0
4906,0
4907,0
4908,0
4909,1
4910,0
4911,0
4912,1
4913,0
4914,1
4915,0
4916,0
4917,1
4918,1
4919,1
4920,0
4921,0
4922,1
4923,0
4924,0
4925,0
4926,0
4927,0
4928,0
4929,0
4930,1
4931,0
4932,0
4933,1
4934,0
4935,1
4936,0
4937,0
4938,0
4939,0
4940,0
4941,0
4942,0
4943,0
4944,0
4945,0
4946,1
4947,0
4948,0
4949,0
4950,0
4951,0
4952,0
4953,1
4954,0
4955,0
4956,0
4957,1
4958,1
4959,0
4960,0
4961,0
4962,0
4963,0
4964,1
4965,0
4966,0
4967,1
4968,0
4969,1
4970,0
4971,0
4972,0
4973,0
4974,0
4975,0
4976,1
4977,0
4978,0
4979,1
4980,0
4981,0
4982,1
4983,0
4984,0
4985,0
4986,1
4987,0
4988,0
4989,1
4990,0
4991,0
4992,1
4993,1
4994,0
4995,1
4996,0
4997,1
4998,0
4999,0
5000,0
5001,0
5002,0
5003,0
5004,0
5005,0
5006,0
5007,0
5008,0
5009,0
5010,0
5011,0
5012,0
5013,0
5014,1
5015,0
5016,0
5017,0
5018,0
5019,0
5020,0
5021,0
5022,1
5023,0
5024,0
5025,0
5026,0
5027,0
5028,0
5029,0
5030,0
5031,0
5032,1
5033,0
5034,0
5035,1
5036,0
5037,0
5038,1
5039,0
5040,0
5041,0
5042,1
5043,0
5044,0
5045,0
5046,0
5047,0
5048,0
5049,0
5050,0
5051,1
5052,1
5053,0
5054,0
5055,1
5056,1
5057,0
5058,1
5059,0
5060,1
5061,0
5062,0
5063,0
5064,1
5065,0
5066,0
5067,1
5068,0
5069,1
5070,0
5071,0
5072,0
5073,0
5074,0
5075,1
5076,0
5077,0
5078,0
5079,0
5080,1
5081,1
5082,0
5083,0
5084,1
5085,0
5086,0
5087,0
5088,0
5089,0
5090,0
5091,0
5092,1
5093,1
5094,0
5095,0
5096,0
5097,0
5098,0
5099,1
5100,0
5101,1
5102,0
5103,1
5104,1
5105,1
5106,0
5107,1
5108,0
5109,1
5110,0
5111,0
5112,0
5113,0
5114,0
5115,0
5116,0
5117,0
5118,1
5119,0
5120,0
5121,0
5122,1
5123,0
5124,0
5125,0
5126,1
5127,0
5128,0
5129,1
5130,1
5131,0
5132,0
5133,0
5134,0
5135,0
5136,0
5137,0
5138,0
5139,0
5140,0
5141,0
5142,1
5143,0
5144,0
5145,0
5146,0
5147,0
5148,1
5149,1
5150,1
5151,0
5152,0
5153,0
5154,1
5155,0
5156,1
5157,0
5158,1
5159,1
5160,1
5161,0
5162,0
5163,0
5164,1
5165,0
5166,0
5167,1
5168,1
5169,0
5170,0
5171,0
5172,0
5173,0
5174,0
5175,1
5176,1
5177,0
5178,0
5179,0
5180,0
5181,0
5182,0
5183,0
5184,1
5185,1
5186,0
5187,1
5188,1
5189,0
5190,0
5191,0
5192,0
5193,1
5194,0
5195,0
5196,0
5197,0
5198,0
5199,0
5200,0
5201,0
5202,0
5203,0
5204,0
5205,0
5206,1
5207,0
5208,0
5209,0
5210,0
5211,0
5212,0
5213,1
5214,0
5215,0
5216,0
5217,0
5218,0
5219,1
5220,0
5221,0
5222,0
5223,0
5224,1
5225,0
5226,1
5227,1
5228,1
5229,1
5230,0
5231,0
5232,0
5233,0
5234,1
5235,1
5236,1
5237,0
5238,0
5239,0
5240,1
5241,0
5242,0
5243,0
5244,1
5245,0
5246,0
5247,1
5248,0
5249,0
5250,0
5251,1
5252,1
5253,0
5254,1
5255,1
5256,1
5257,1
5258,0
5259,0
5260,0
5261,0
5262,0
5263,0
5264,1
5265,0
5266,0
5267,0
5268,0
5269,0
5270,0
5271,0
5272,0
5273,0
5274,0
5275,0
5276,0
5277,1
5278,1
5279,0
5280,1
5281,0
5282,1
5283,1
5284,1
5285,1
5286,0
5287,0
5288,1
5289,1
5290,1
5291,1
5292,0
5293,1
5294,0
5295,0
5296,0
5297,0
5298,0
5299,0
5300,0
5301,0
5302,0
5303,0
5304,0
5305,0
5306,0
5307,0
5308,0
5309,0
5310,0
5311,0
5312,0
5313,1
5314,0
5315,0
5316,0
5317,1
5318,0
5319,1
5320,0
5321,0
5322,1
5323,0
5324,0
5325,0
5326,0
5327,0
5328,0
5329,0
5330,0
5331,0
5332,0
5333,1
5334,0
5335,0
5336,0
5337,0
5338,0
5339,0
5340,0
5341,0
5342,0
5343,0
5344,0
5345,0
5346,1
5347,0
5348,0
5349,0
5350,0
5351,0
5352,0
5353,0
5354,0
5355,0
5356,1
5357,0
5358,1
5359,0
5360,0
5361,1
5362,0
5363,1
5364,1
5365,0
5366,1
5367,0
5368,1
5369,0
5370,0
5371,1
5372,1
5373,0
5374,1
5375,0
5376,0
5377,0
5378,0
5379,0
5380,0
5381,1
5382,0
5383,0
5384,0
5385,0
5386,1
5387,0
5388,1
5389,0
5390,0
5391,0
5392,0
5393,0
5394,0
5395,1
5396,1
5397,0
5398,0
5399,0
5400,0
5401,0
5402,0
5403,0
5404,1
5405,0
5406,1
5407,1
5408,0
5409,0
5410,0
5411,0
5412,0
5413,0
5414,0
5415,0
5416,1
5417,0
5418,0
5419,0
5420,0
5421,0
5422,1
5423,0
5424,1
5425,1
5426,0
5427,1
5428,1
5429,0
5430,0
5431,0
5432,0
5433,0
5434,0
5435,0
5436,0
5437,0
5438,0
5439,0
5440,0
5441,0
5442,0
5443,0
5444,1
5445,0
5446,1
5447,0
5448,0
5449,0
5450,1
5451,1
5452,0
5453,0
5454,1
5455,0
5456,0
5457,0
5458,0
5459,1
5460,0
5461,0
5462,0
5463,0
5464,1
5465,0
5466,0
5467,0
5468,0
5469,0
5470,1
5471,0
5472,0
5473,0
5474,1
5475,0
5476,0
5477,0
5478,0
5479,1
5480,0
5481,1
5482,0
5483,1
5484,0
5485,0
5486,0
5487,0
5488,0
5489,1
5490,0
5491,0
5492,1
5493,0
5494,0
5495,0
5496,0
5497,0
5498,0
5499,0
5500,0
5501,1
5502,0
5503,0
5504,0
5505,0
5506,0
5507,1
5508,1
5509,0
5510,0
5511,0
5512,1
5513,0
5514,1
5515,0
5516,0
5517,0
5518,0
5519,1
5520,0
5521,0
5522,0
5523,0
5524,0
5525,0
5526,0
5527,1
5528,1
5529,0
5530,0
5531,0
5532,0
5533,1
5534,0
5535,0
5536,0
5537,0
5538,0
5539,0
5540,1
5541,1
5542,0
5543,0
5544,0
5545,1
5546,0
5547,0
5548,0
5549,1
5550,1
5551,0
5552,0
5553,1
5554,0
5555,1
5556,1
5557,0
5558,1
5559,0
5560,0
5561,0
5562,0
5563,0
5564,1
5565,0
5566,0
5567,0
5568,0
5569,1
5570,0
5571,0
5572,0
5573,1
5574,0
5575,0
5576,0
5577,0
5578,0
5579,0
5580,0
5581,0
5582,0
5583,0
5584,0
5585,0
5586,0
5587,0
5588,0
5589,1
5590,0
5591,1
5592,0
5593,1
5594,0
5595,0
5596,0
5597,0
5598,1
5599,1
5600,0
5601,0
5602,0
5603,0
5604,0
5605,0
5606,0
5607,0
5608,0
5609,1
5610,0
5611,1
5612,0
5613,0
5614,1
5615,1
5616,0
5617,0
5618,0
5619,0
5620,0
5621,1
5622,1
5623,1
5624,1
5625,0
5626,1
5627,1
5628,1
5629,1
5630,0
5631,1
5632,0
5633,1
5634,0
5635,1
5636,0
5637,0
5638,1
5639,0
5640,1
5641,0
5642,0
5643,1
5644,1
5645,0
5646,1
5647,0
5648,0
5649,0
5650,0
5651,0
5652,0
5653,0
5654,0
5655,1
5656,0
5657,0
5658,0
5659,0
5660,1
5661,0
5662,1
5663,0
5664,0
5665,0
5666,0
5667,0
5668,0
5669,0
5670,1
5671,0
5672,1
5673,0
5674,1
5675,0
5676,1
5677,0
5678,1
5679,0
5680,1
5681,0
5682,0
5683,1
5684,1
5685,0
5686,0
5687,0
5688,1
5689,0
5690,0
5691,0
5692,0
5693,0
5694,0
5695,0
5696,0
5697,1
5698,0
5699,0
5700,0
5701,1
5702,0
5703,1
5704,0
5705,1
5706,0
5707,0
5708,1
5709,1
5710,0
5711,0
5712,1
5713,1
5714,1
5715,0
5716,0
5717,1
5718,0
5719,0
5720,0
5721,0
5722,0
5723,0
5724,0
5725,0
5726,0
5727,0
5728,0
5729,0
5730,1
5731,0
5732,0
5733,0
5734,0
5735,0
5736,0
5737,0
5738,0
5739,0
5740,1
5741,0
5742,0
5743,0
5744,0
5745,0
5746,0
5747,0
5748,0
5749,1
5750,0
5751,0
5752,0
5753,0
5754,0
5755,0
5756,0
5757,0
5758,0
5759,0
5760,0
5761,0
5762,0
5763,1
5764,0
5765,0
5766,1
5767,0
5768,0
5769,1
5770,0
5771,0
5772,0
5773,1
5774,1
5775,0
5776,0
5777,1
5778,0
5779,0
5780,0
5781,0
5782,1
5783,0
5784,1
5785,0
5786,0
5787,1
5788,1
5789,1
5790,0
5791,0
5792,0
5793,0
5794,0
5795,0
5796,0
5797,0
5798,0
5799,0
5800,0
5801,0
5802,1
5803,1
5804,1
5805,1
5806,1
5807,0
5808,0
5809,0
5810,0
5811,1
5812,0
5813,0
5814,0
5815,0
5816,0
5817,0
5818,0
5819,0
5820,1
5821,0
5822,0
5823,1
5824,1
5825,0
5826,0
5827,1
5828,0
5829,0
5830,1
5831,0
5832,1
5833,1
5834,0
5835,0
5836,1
5837,0
5838,0
5839,0
5840,0
5841,0
5842,1
5843,0
5844,0
5845,1
5846,0
5847,0
5848,0
5849,0
5850,0
5851,1
5852,0
5853,0
5854,0
5855,0
5856,0
5857,1
5858,0
5859,0
5860,1
5861,0
5862,0
5863,0
5864,0
5865,1
5866,1
5867,1
5868,0
5869,1
5870,1
5871,0
5872,0
5873,0
5874,0
5875,1
5876,0
5877,0
5878,1
5879,0
5880,0
5881,0
5882,1
5883,0
5884,0
5885,1
5886,0
5887,0
5888,1
5889,1
5890,1
5891,0
5892,0
5893,0
5894,0
5895,1
5896,0
5897,0
5898,0
5899,0
5900,0
5901,0
5902,0
5903,1
5904,0
5905,0
5906,1
5907,0
5908,0
5909,1
5910,1
5911,0
5912,1
5913,0
5914,0
5915,0
5916,1
5917,1
5918,0
5919,1
5920,0
5921,0
5922,0
5923,0
5924,1
5925,0
5926,0
5927,0
5928,0
5929,1
5930,0
5931,0
5932,0
5933,0
5934,0
5935,0
5936,0
5937,0
5938,0
5939,0
5940,0
5941,0
5942,0
5943,1
5944,1
5945,0
5946,0
5947,0
5948,0
5949,0
5950,1
5951,0
5952,0
5953,0
5954,1
5955,0
5956,0
5957,1
5958,1
5959,0
5960,0
5961,0
5962,0
5963,1
5964,0
5965,1
5966,0
5967,0
5968,0
5969,0
5970,0
5971,0
5972,0
5973,0
5974,0
5975,0
5976,0
5977,1
5978,0
5979,0
5980,0
5981,1
5982,1
5983,0
5984,1
5985,0
5986,1
5987,0
5988,0
5989,0
5990,0
5991,1
5992,0
5993,0
5994,0
5995,0
5996,1
5997,0
5998,0
5999,1
6000,0
6001,1
6002,0
6003,1
6004,1
6005,1
6006,1
6007,0
6008,0
6009,0
6010,0
6011,0
6012,1
6013,1
6014,1
6015,0
6016,1
6017,0
6018,0
6019,0
6020,0
6021,0
6022,0
6023,1
6024,1
6025,1
6026,0
6027,0
6028,0
6029,0
6030,1
6031,0
6032,0
6033,1
6034,0
6035,1
6036,0
6037,0
6038,0
6039,0
6040,0
6041,1
6042,0
6043,0
6044,0
6045,1
6046,0
6047,0
6048,1
6049,0
6050,0
6051,1
6052,1
6053,1
6054,0
6055,0
6056,0
6057,0
6058,0
6059,0
6060,0
6061,0
6062,0
6063,1
6064,0
6065,0
6066,0
6067,0
6068,0
6069,1
6070,0
6071,0
6072,0
6073,0
6074,0
6075,0
6076,0
6077,0
6078,1
6079,1
6080,1
6081,0
6082,0
6083,0
6084,0
6085,1
6086,0
6087,0
6088,0
6089,0
6090,1
6091,0
6092,0
6093,0
6094,0
6095,0
6096,0
6097,0
6098,0
6099,0
6100,1
6101,0
6102,1
6103,1
6104,1
6105,1
6106,0
6107,0
6108,0
6109,0
6110,1
6111,0
6112,1
6113,0
6114,0
6115,1
6116,0
6117,0
6118,0
6119,1
6120,0
6121,0
6122,1
6123,0
6124,0
6125,0
6126,0
6127,0
6128,0
6129,0
6130,0
6131,0
6132,0
6133,0
6134,1
6135,1
6136,0
6137,1
6138,0
6139,0
6140,0
6141,1
6142,0
6143,0
6144,0
6145,0
6146,0
6147,0
6148,1
6149,0
6150,1
6151,0
6152,0
6153,0
6154,0
6155,0
6156,0
6157,1
6158,0
6159,1
6160,0
6161,1
6162,1
6163,1
6164,1
6165,0
6166,0
6167,0
6168,0
6169,0
6170,1
6171,0
6172,1
6173,1
6174,1
6175,0
6176,0
6177,0
6178,0
6179,0
6180,0
6181,0
6182,0
6183,0
6184,1
6185,0
6186,0
6187,0
6188,0
6189,0
6190,0
6191,0
6192,0
6193,1
6194,0
6195,0
6196,0
6197,0
6198,0
6199,0
6200,0
6201,0
6202,0
6203,0
6204,0
6205,1
6206,0
6207,1
6208,0
6209,0
6210,1
6211,1
6212,0
6213,1
6214,0
6215,1
6216,1
6217,0
6218,0
6219,0
6220,0
6221,0
6222,1
6223,0
6224,0
6225,1
6226,1
6227,0
6228,0
6229,1
6230,0
6231,1
6232,0
6233,1
6234,0
6235,0
6236,0
6237,1
6238,0
6239,1
6240,0
6241,1
6242,0
6243,1
6244,0
6245,0
6246,0
6247,0
6248,1
6249,0
6250,1
6251,0
6252,1
6253,1
6254,0
6255,1
6256,0
6257,1
6258,0
6259,0
6260,0
6261,0
6262,0
6263,0
6264,0
6265,0
6266,0
6267,0
6268,0
6269,0
6270,0
6271,1
6272,0
6273,1
6274,0
6275,0
6276,1
6277,0
6278,0
6279,0
6280,1
6281,0
6282,1
6283,1
6284,0
6285,0
6286,0
6287,0
6288,1
6289,0
6290,0
6291,0
6292,0
6293,1
6294,1
6295,0
6296,0
6297,1
6298,0
6299,1
6300,0
6301,0
6302,0
6303,0
6304,1
6305,0
6306,1
6307,0
6308,0
6309,1
6310,0
6311,1
6312,0
6313,0
6314,0
6315,0
6316,0
6317,1
6318,1
6319,0
6320,0
6321,0
6322,0
6323,0
6324,0
6325,0
6326,1
6327,0
6328,0
6329,1
6330,0
6331,0
6332,1
6333,1
6334,0
6335,0
6336,0
6337,1
6338,0
6339,0
6340,0
6341,0
6342,1
6343,0
6344,0
6345,0
6346,1
6347,1
6348,1
6349,0
6350,1
6351,0
6352,0
6353,0
6354,1
6355,1
6356,0
6357,0
6358,0
6359,1
6360,0
6361,1
6362,0
6363,1
6364,0
6365,0
6366,0
6367,0
6368,1
6369,1
6370,0
6371,0
6372,0
6373,1
6374,0
6375,1
6376,1
6377,0
6378,0
6379,0
6380,0
6381,0
6382,0
6383,0
6384,1
6385,1
6386,1
6387,0
6388,0
6389,0
6390,0
6391,0
6392,0
6393,0
6394,1
6395,0
6396,0
6397,0
6398,1
6399,0
6400,0
6401,0
6402,0
6403,0
6404,0
6405,1
6406,0
6407,0
6408,0
6409,0
6410,0
6411,1
6412,0
6413,0
6414,1
6415,0
6416,0
6417,0
6418,0
6419,0
6420,0
6421,1
6422,0
6423,0
6424,0
6425,1
6426,1
6427,1
6428,0
6429,1
6430,0
6431,0
6432,0
6433,0
6434,0
6435,0
6436,0
6437,0
6438,0
6439,1
6440,0
6441,0
6442,0
6443,0
6444,0
6445,0
6446,0
6447,0
6448,1
6449,1
6450,0
6451,0
6452,0
6453,0
6454,0
6455,1
6456,0
6457,1
6458,0
6459,0
6460,0
6461,1
6462,1
6463,0
6464,1
6465,1
6466,1
6467,0
6468,0
6469,0
6470,0
6471,0
6472,0
6473,0
6474,0
6475,0
6476,0
6477,0
6478,0
6479,0
6480,0
6481,0
6482,0
6483,0
6484,1
6485,0
6486,0
6487,0
6488,0
6489,0
6490,0
6491,0
6492,1
6493,0
6494,0
6495,0
6496,0
6497,0
6498,0
6499,0
6500,0
6501,0
6502,0
6503,1
6504,0
6505,0
6506,0
6507,1
6508,1
6509,0
6510,0
6511,1
6512,1
6513,1
6514,0
6515,0
6516,0
6517,0
6518,1
6519,0
6520,0
6521,0
6522,1
6523,0
6524,0
6525,0
6526,1
6527,0
6528,1
6529,1
6530,0
6531,0
6532,0
6533,0
6534,0
6535,0
6536,0
6537,0
6538,1
6539,0
6540,0
6541,0
6542,0
6543,0
6544,0
6545,0
6546,0
6547,1
6548,0
6549,0
6550,0
6551,0
6552,0
6553,0
6554,1
6555,0
6556,0
6557,1
6558,0
6559,0
6560,0
6561,1
6562,0
6563,0
6564,1
6565,0
6566,1
6567,0
6568,0
6569,1
6570,0
6571,0
6572,0
6573,1
6574,0
6575,0
6576,0
6577,0
6578,0
6579,1
6580,0
6581,0
6582,0
6583,0
6584,1
6585,0
6586,1
6587,0
6588,0
6589,0
6590,1
6591,0
6592,0
6593,0
6594,0
6595,0
6596,0
6597,0
6598,1
6599,0
6600,1
6601,0
6602,0
6603,0
6604,1
6605,1
6606,0
6607,0
6608,0
6609,0
6610,1
6611,0
6612,0
6613,0
6614,1
6615,0
6616,0
6617,0
6618,1
6619,0
6620,1
6621,0
6622,0
6623,1
6624,0
6625,0
6626,1
6627,0
6628,0
6629,1
6630,1
6631,0
6632,0
6633,1
6634,1
6635,0
6636,0
6637,0
6638,1
6639,0
6640,0
6641,0
6642,1
6643,0
6644,0
6645,1
6646,0
6647,1
6648,0
6649,1
6650,0
6651,0
6652,1
6653,1
6654,0
6655,0
6656,0
6657,0
6658,1
6659,1
6660,1
6661,1
6662,0
6663,0
6664,0
6665,0
6666,0
6667,0
6668,0
6669,0
6670,0
6671,0
6672,0
6673,1
6674,0
6675,1
6676,0
6677,0
6678,0
6679,0
6680,1
6681,0
6682,0
6683,1
6684,1
6685,0
6686,0
6687,0
6688,1
6689,0
6690,0
6691,0
6692,1
6693,1
6694,1
6695,0
6696,1
6697,0
6698,0
6699,1
6700,0
6701,0
6702,0
6703,0
6704,0
6705,0
6706,0
6707,1
6708,0
6709,0
6710,0
6711,0
6712,1
6713,0
6714,0
6715,1
6716,1
6717,1
6718,0
6719,0
6720,0
6721,1
6722,1
6723,0
6724,0
6725,0
6726,0
6727,0
6728,0
6729,0
6730,0
6731,0
6732,1
6733,0
6734,0
6735,0
6736,0
6737,1
6738,0
6739,0
6740,0
6741,0
6742,1
6743,1
6744,0
6745,0
6746,0
6747,1
6748,0
6749,0
6750,0
6751,0
6752,0
6753,0
6754,0
6755,1
6756,1
6757,0
6758,1
6759,1
6760,0
6761,1
6762,1
6763,0
6764,0
6765,0
6766,1
6767,1
6768,1
6769,0
6770,0
6771,0
6772,1
6773,0
6774,0
6775,0
6776,0
6777,1
6778,0
6779,1
6780,0
6781,0
6782,0
6783,0
6784,0
6785,0
6786,0
6787,1
6788,1
6789,0
6790,0
6791,0
6792,1
6793,1
6794,0
6795,0
6796,0
6797,0
6798,0
6799,0
6800,0
6801,0
6802,0
6803,1
6804,0
6805,0
6806,1
6807,0
6808,0
6809,0
6810,0
6811,1
6812,0
6813,1
6814,1
6815,0
6816,0
6817,1
6818,0
6819,0
6820,1
6821,0
6822,1
6823,0
6824,0
6825,0
6826,0
6827,0
6828,0
6829,0
6830,0
6831,0
6832,0
6833,0
6834,0
6835,0
6836,1
6837,0
6838,0
6839,0
6840,0
6841,1
6842,0
6843,1
6844,0
6845,1
6846,0
6847,0
6848,0
6849,1
6850,0
6851,0
6852,0
6853,0
6854,1
6855,1
6856,0
6857,0
6858,0
6859,0
6860,0
6861,0
6862,0
6863,1
6864,0
6865,0
6866,1
6867,1
6868,1
6869,0
6870,0
6871,0
6872,0
6873,1
6874,1
6875,0
6876,1
6877,0
6878,1
6879,1
6880,0
6881,0
6882,0
6883,0
6884,1
6885,0
6886,0
6887,0
6888,0
6889,0
6890,0
6891,0
6892,0
6893,0
6894,0
6895,0
6896,1
6897,0
6898,0
6899,0
6900,0
6901,0
6902,0
6903,0
6904,0
6905,0
6906,0
6907,0
6908,0
6909,0
6910,0
6911,0
6912,0
6913,0
6914,0
6915,0
6916,0
6917,1
6918,1
6919,0
6920,0
6921,0
6922,0
6923,1
6924,0
6925,1
6926,0
6927,0
6928,0
6929,0
6930,0
6931,0
6932,0
6933,0
6934,0
6935,0
6936,0
6937,0
6938,0
6939,0
6940,0
6941,1
6942,1
6943,0
6944,0
6945,0
6946,0
6947,1
6948,0
6949,1
6950,1
6951,0
6952,0
6953,0
6954,0
6955,0
6956,0
6957,1
6958,0
6959,0
6960,0
6961,1
6962,0
6963,0
6964,0
6965,1
6966,1
6967,0
6968,0
6969,1
6970,0
6971,0
6972,0
6973,0
6974,0
6975,1
6976,0
6977,1
6978,0
6979,0
6980,0
6981,0
6982,1
6983,0
6984,0
6985,0
6986,0
6987,0
6988,1
6989,0
6990,0
6991,1
6992,0
6993,0
6994,1
6995,1
6996,0
6997,0
6998,0
6999,0
7000,0
7001,0
7002,0
7003,1
7004,0
7005,0
7006,0
7007,0
7008,0
7009,1
7010,1
7011,1
7012,0
7013,0
7014,0
7015,0
7016,0
7017,1
7018,0
7019,0
7020,1
7021,1
7022,0
7023,0
7024,1
7025,1
7026,1
7027,0
7028,0
7029,1
7030,0
7031,0
7032,1
7033,0
7034,1
7035,0
7036,1
7037,0
7038,0
7039,0
7040,0
7041,1
7042,0
7043,1
7044,0
7045,0
7046,0
7047,0
7048,1
7049,1
7050,1
7051,0
7052,0
7053,0
7054,1
7055,1
7056,0
7057,0
7058,1
7059,1
7060,0
7061,0
7062,0
7063,0
7064,0
7065,0
7066,0
7067,1
7068,0
7069,1
7070,1
7071,0
7072,0
7073,0
7074,0
7075,1
7076,0
7077,0
7078,0
7079,1
7080,0
7081,0
7082,0
7083,0
7084,1
7085,1
7086,1
7087,1
7088,0
7089,0
7090,0
7091,0
7092,0
7093,1
7094,0
7095,0
7096,1
7097,0
7098,1
7099,0
7100,0
7101,0
7102,0
7103,0
7104,0
7105,0
7106,0
7107,0
7108,0
7109,0
7110,1
7111,0
7112,1
7113,0
7114,1
7115,1
7116,0
7117,0
7118,0
7119,1
7120,0
7121,0
7122,0
7123,1
7124,1
7125,1
7126,1
7127,0
7128,1
7129,1
7130,0
7131,0
7132,0
7133,0
7134,0
7135,0
7136,0
7137,0
7138,0
7139,0
7140,1
7141,0
7142,0
7143,0
7144,0
7145,0
7146,0
7147,0
7148,0
7149,0
7150,1
7151,0
7152,0
7153,1
7154,1
7155,0
7156,0
7157,0
7158,0
7159,1
7160,0
7161,0
7162,0
7163,0
7164,0
7165,0
7166,0
7167,1
7168,0
7169,1
7170,1
7171,0
7172,0
7173,0
7174,1
7175,1
7176,1
7177,0
7178,0
7179,0
7180,0
7181,0
7182,0
7183,0
7184,1
7185,0
7186,0
7187,0
7188,1
7189,1
7190,0
7191,0
7192,1
7193,0
7194,0
7195,0
7196,0
7197,0
7198,1
7199,0
7200,0
7201,1
7202,1
7203,0
7204,0
7205,0
7206,0
7207,0
7208,0
7209,0
7210,1
7211,1
7212,0
7213,0
7214,0
7215,0
7216,0
7217,0
7218,0
7219,1
7220,0
7221,0
7222,1
7223,0
7224,0
7225,0
7226,0
7227,0
7228,0
7229,1
7230,0
7231,0
7232,0
7233,0
7234,1
7235,1
7236,0
7237,0
7238,0
7239,0
7240,1
7241,0
7242,1
7243,0
7244,0
7245,1
7246,0
7247,0
7248,1
7249,1
7250,0
7251,0
7252,1
7253,1
7254,1
7255,1
7256,1
7257,0
7258,0
7259,0
7260,0
7261,0
7262,0
7263,0
7264,0
7265,0
7266,1
7267,0
7268,0
7269,0
7270,0
7271,0
7272,1
7273,0
7274,1
7275,0
7276,1
7277,0
7278,1
7279,1
7280,0
7281,0
7282,0
7283,0
7284,0
7285,0
7286,0
7287,1
7288,0
7289,0
7290,0
7291,1
7292,1
7293,0
7294,0
7295,1
7296,1
7297,0
7298,1
7299,0
7300,1
7301,1
7302,0
7303,0
7304,1
7305,0
7306,1
7307,0
7308,0
7309,0
7310,1
7311,0
7312,0
7313,0
7314,1
7315,0
7316,0
7317,0
7318,0
7319,1
7320,0
7321,0
7322,1
7323,0
7324,1
7325,0
7326,0
7327,0
7328,1
7329,0
7330,0
7331,0
7332,0
7333,1
7334,0
7335,0
7336,0
7337,1
7338,0
7339,1
7340,1
7341,0
7342,0
7343,0
7344,0
7345,0
7346,1
7347,0
7348,0
7349,0
7350,1
7351,1
7352,0
7353,0
7354,0
7355,0
7356,0
7357,1
7358,0
7359,1
7360,1
7361,0
7362,0
7363,0
7364,0
7365,0
7366,0
7367,0
7368,0
7369,0
7370,0
7371,0
7372,1
7373,0
7374,1
7375,0
7376,0
7377,1
7378,0
7379,0
7380,1
7381,1
7382,0
7383,1
7384,1
7385,0
7386,0
7387,1
7388,0
7389,1
7390,0
7391,0
7392,0
7393,0
7394,0
7395,0
7396,0
7397,0
7398,0
7399,1
7400,0
7401,0
7402,0
7403,0
7404,0
7405,0
7406,0
7407,0
7408,0
7409,0
7410,0
7411,1
7412,0
7413,0
7414,0
7415,0
7416,0
7417,1
7418,1
7419,1
7420,0
7421,0
7422,0
7423,0
7424,0
7425,1
7426,0
7427,0
7428,0
7429,0
7430,0
7431,0
7432,0
7433,0
7434,0
7435,0
7436,0
7437,1
7438,0
7439,0
7440,1
7441,0
7442,0
7443,0
7444,1
7445,0
7446,0
7447,0
7448,0
7449,0
7450,0
7451,1
7452,0
7453,0
7454,1
7455,0
7456,0
7457,0
7458,0
7459,1
7460,0
7461,0
7462,0
7463,0
7464,1
7465,0
7466,0
7467,1
7468,1
7469,0
7470,0
7471,0
7472,0
7473,0
7474,1
7475,1
7476,1
7477,0
7478,0
7479,0
7480,1
7481,0
7482,1
7483,0
7484,1
7485,0
7486,0
7487,0
7488,0
7489,1
7490,0
7491,1
7492,1
7493,0
7494,1
7495,0
7496,0
7497,1
7498,1
7499,0
7500,1
